{"cameraMode":{"drawMode":0,"name":"Shaded","section":"Shading Mode"},"sceneLighting":false,"audioPlay":false,"sceneViewState":{"m_AlwaysRefresh":false,"showFog":true,"showSkybox":false,"showFlares":true,"showImageEffects":true,"showParticleSystems":true,"showVisualEffectGraphs":true,"m_FxEnabled":true},"in2DMode":false,"pivot":{"x":271.24908447265627,"y":51.06416320800781,"z":489.49603271484377},"rotation":{"x":0.13596506416797639,"y":0.030996792018413545,"z":0.01802217960357666,"w":0.9923087954521179},"size":441.5438232421875,"orthographic":false}